Id number,RI,Na,Mg,Al,Si,K,Ca,Ba,Fe
0,1.5158767640000002,12.81,C,1.48,73.89,0.6,8.12,0.0,0.01
1,1.515626814,12.89,C,1.52,74.1,0.67,7.83,0.0,0.01
2,1.518166306,12.9,D,1.19,73.44,0.6,8.43,0.0,0.01
3,1.5174564480000001,13.33,B,1.52,73.04,0.58,8.79,0.0,0.01
4,1.514836972,13.81,B,3.5,70.89,1.68,5.87,2.2,0.01
5,1.517656408,13.3,B,1.63,72.94,0.57,8.81,0.0,0.09999999999999999
6,1.5165266339999999,14.360000000000001,A,1.98,74.29,0.0,8.52,1.57,0.08
